<?xml version="1.0" encoding="UTF-8"?>
<!DOCTYPE suite SYSTEM "https://testng.org/testng-1.0.dtd">
<suite name="Suite">
  <test thread-count="5" name="ChromeTest">
  <parameter name="browser" value="chrome"/>
    <classes>
     <class name="testScenario.TC_001_HotelSearchPage"/> 
     <class name="testScenario.TC_002_CruisePage"/>
      <class name="testScenario.TC_003_GiftPage"/>
    </classes>
  </test> <!-- Test -->
  
  <test thread-count="5" name="EdgeTest">
  <parameter name="browser" value="edge"/>
    <classes>
     <class name="testScenario.TC_001_HotelSearchPage"/> 
     <class name="testScenario.TC_002_CruisePage"/>
      <class name="testScenario.TC_003_GiftPage"/>
    </classes>
  </test> <!-- Test -->
  
  
</suite> <!-- Suite -->
